date	agent name	num calls handled	num calls unanswered	avg call time	total talk time	total staffed time	filename
2017-02-23	Reception L1	49	50	0 days 00:02:11.000000000	0 days 01:30:45.000000000	1 days 00:00:00.000000000	20170223_000000_agent_statistics.csv
2017-02-23	Back Office3	64	62	0 days 00:01:43.000000000	0 days 01:32:51.000000000	1 days 00:00:00.000000000	20170223_000000_agent_statistics.csv
2017-02-23	Reception Desk	52	45	0 days 00:01:53.000000000	0 days 01:25:32.000000000	1 days 00:00:00.000000000	20170223_000000_agent_statistics.csv
2017-02-23	Back Office1	4	3	0 days 00:06:13.000000000	0 days 00:22:45.000000000	1 days 00:00:00.000000000	20170223_000000_agent_statistics.csv
2017-02-24	Reception L1	78	57	0 days 00:02:21.000000000	0 days 01:58:45.000000000	1 days 00:00:00.000000000	20170224_000000_agent_statistics.csv
2017-02-24	Back Office3	63	46	0 days 00:02:03.000000000	0 days 01:34:30.000000000	1 days 00:00:00.000000000	20170224_000000_agent_statistics.csv
2017-02-24	Reception Desk	65	35	0 days 00:02:27.000000000	0 days 01:52:06.000000000	1 days 00:00:00.000000000	20170224_000000_agent_statistics.csv
2017-02-24	Back Office1	15	1	0 days 00:04:32.000000000	0 days 00:58:19.000000000	1 days 00:00:00.000000000	20170224_000000_agent_statistics.csv
2017-02-27	Reception L1	69	26	0 days 00:04:41.000000000	0 days 03:05:19.000000000	1 days 00:00:00.000000000	20170227_000000_agent_statistics.csv
2017-02-27	Back Office3	99	91	0 days 00:02:13.000000000	0 days 03:08:12.000000000	1 days 00:00:00.000000000	20170227_000000_agent_statistics.csv
2017-02-27	Reception Desk	85	51	0 days 00:03:33.000000000	0 days 03:22:57.000000000	1 days 00:00:00.000000000	20170227_000000_agent_statistics.csv
2017-02-27	Back Office1	0	0	0 days 00:00:00.000000000	0 days 00:00:00.000000000	1 days 00:00:00.000000000	20170227_000000_agent_statistics.csv
2017-02-28	Reception L1	28	32	0 days 00:03:42.000000000	0 days 01:14:32.000000000	1 days 00:00:00.000000000	20170228_000000_agent_statistics.csv
2017-02-28	Back Office3	47	63	0 days 00:01:37.000000000	0 days 01:05:28.000000000	1 days 00:00:00.000000000	20170228_000000_agent_statistics.csv
2017-02-28	Reception Desk	25	15	0 days 00:04:48.000000000	0 days 01:31:06.000000000	1 days 00:00:00.000000000	20170228_000000_agent_statistics.csv
2017-02-28	Back Office1	0	0	0 days 00:00:00.000000000	0 days 00:00:00.000000000	1 days 00:00:00.000000000	20170228_000000_agent_statistics.csv
2017-03-01	Reception L1	97	88	0 days 00:02:10.000000000	0 days 02:16:41.000000000	1 days 00:00:00.000000000	20170301_000000_agent_statistics.csv
2017-03-01	Back Office3	58	33	0 days 00:03:51.000000000	0 days 02:53:34.000000000	1 days 00:00:00.000000000	20170301_000000_agent_statistics.csv
2017-03-01	Reception Desk	49	33	0 days 00:04:01.000000000	0 days 02:21:35.000000000	1 days 00:00:00.000000000	20170301_000000_agent_statistics.csv
2017-03-01	Back Office1	60	29	0 days 00:02:01.000000000	0 days 01:39:08.000000000	1 days 00:00:00.000000000	20170301_000000_agent_statistics.csv
2017-03-03	Reception L1	72	41	0 days 00:02:28.000000000	0 days 02:04:14.000000000	1 days 00:00:00.000000000	20170303_000000_agent_statistics.csv
2017-03-03	Back Office3	66	39	0 days 00:03:06.000000000	0 days 02:37:26.000000000	1 days 00:00:00.000000000	20170303_000000_agent_statistics.csv
2017-03-03	Reception Desk	48	42	0 days 00:01:52.000000000	0 days 01:07:40.000000000	1 days 00:00:00.000000000	20170303_000000_agent_statistics.csv
2017-03-03	Back Office1	15	9	0 days 00:01:52.000000000	0 days 00:24:38.000000000	1 days 00:00:00.000000000	20170303_000000_agent_statistics.csv
2017-03-06	Reception L1	86	95	0 days 00:03:14.000000000	0 days 02:52:50.000000000	1 days 00:00:00.000000000	20170306_000000_agent_statistics.csv
2017-03-06	Back Office3	63	102	0 days 00:03:09.000000000	0 days 02:31:51.000000000	1 days 00:00:00.000000000	20170306_000000_agent_statistics.csv
2017-03-06	Reception Desk	79	42	0 days 00:02:19.000000000	0 days 02:14:01.000000000	1 days 00:00:00.000000000	20170306_000000_agent_statistics.csv
2017-03-06	Back Office1	66	15	0 days 00:02:06.000000000	0 days 01:38:32.000000000	1 days 00:00:00.000000000	20170306_000000_agent_statistics.csv
2017-03-07	Reception L1	71	60	0 days 00:03:07.000000000	0 days 02:28:23.000000000	1 days 00:00:00.000000000	20170307_000000_agent_statistics.csv
2017-03-07	Back Office3	60	53	0 days 00:02:16.000000000	0 days 01:31:09.000000000	1 days 00:00:00.000000000	20170307_000000_agent_statistics.csv
2017-03-07	Reception Desk	75	41	0 days 00:02:33.000000000	0 days 02:12:04.000000000	1 days 00:00:00.000000000	20170307_000000_agent_statistics.csv
2017-03-07	Back Office1	6	7	0 days 00:01:43.000000000	0 days 00:07:36.000000000	1 days 00:00:00.000000000	20170307_000000_agent_statistics.csv
2017-03-08	Reception L1	72	35	0 days 00:02:10.000000000	0 days 01:53:08.000000000	1 days 00:00:00.000000000	20170308_000000_agent_statistics.csv
2017-03-08	Back Office3	73	38	0 days 00:01:56.000000000	0 days 02:02:26.000000000	1 days 00:00:00.000000000	20170308_000000_agent_statistics.csv
2017-03-08	Reception Desk	27	33	0 days 00:03:28.000000000	0 days 01:19:12.000000000	1 days 00:00:00.000000000	20170308_000000_agent_statistics.csv
2017-03-08	Back Office1	25	24	0 days 00:02:08.000000000	0 days 00:41:31.000000000	1 days 00:00:00.000000000	20170308_000000_agent_statistics.csv
2017-03-09	Reception L1	63	55	0 days 00:02:13.000000000	0 days 01:46:50.000000000	1 days 00:00:00.000000000	20170309_000000_agent_statistics.csv
2017-03-09	Back Office3	42	68	0 days 00:01:56.000000000	0 days 01:10:28.000000000	1 days 00:00:00.000000000	20170309_000000_agent_statistics.csv
2017-03-09	Reception Desk	38	18	0 days 00:01:46.000000000	0 days 00:49:56.000000000	1 days 00:00:00.000000000	20170309_000000_agent_statistics.csv
2017-03-09	Back Office1	11	7	0 days 00:04:00.000000000	0 days 00:40:40.000000000	1 days 00:00:00.000000000	20170309_000000_agent_statistics.csv
2017-03-10	Reception L1	61	32	0 days 00:02:44.000000000	0 days 02:09:25.000000000	1 days 00:00:00.000000000	20170310_000000_agent_statistics.csv
2017-03-10	Back Office3	32	32	0 days 00:03:58.000000000	0 days 01:36:22.000000000	1 days 00:00:00.000000000	20170310_000000_agent_statistics.csv
2017-03-10	Reception Desk	47	33	0 days 00:01:45.000000000	0 days 00:52:20.000000000	1 days 00:00:00.000000000	20170310_000000_agent_statistics.csv
2017-03-10	Back Office1	8	0	0 days 00:01:32.000000000	0 days 00:09:38.000000000	1 days 00:00:00.000000000	20170310_000000_agent_statistics.csv
2017-03-14	Reception L1	54	36	0 days 00:03:06.000000000	0 days 01:38:25.000000000	1 days 00:00:00.000000000	20170314_000000_agent_statistics.csv
2017-03-14	Back Office3	90	31	0 days 00:02:22.000000000	0 days 02:39:41.000000000	1 days 00:00:00.000000000	20170314_000000_agent_statistics.csv
2017-03-14	Reception Desk	40	32	0 days 00:02:34.000000000	0 days 01:25:55.000000000	1 days 00:00:00.000000000	20170314_000000_agent_statistics.csv
2017-03-14	Back Office1	3	0	0 days 00:02:51.000000000	0 days 00:07:23.000000000	1 days 00:00:00.000000000	20170314_000000_agent_statistics.csv
2017-03-15	Reception L1	65	73	0 days 00:02:28.000000000	0 days 01:59:47.000000000	1 days 00:00:00.000000000	20170315_000000_agent_statistics.csv
2017-03-15	Back Office3	39	23	0 days 00:02:59.000000000	0 days 01:28:33.000000000	1 days 00:00:00.000000000	20170315_000000_agent_statistics.csv
2017-03-15	Reception Desk	37	31	0 days 00:04:19.000000000	0 days 01:55:52.000000000	1 days 00:00:00.000000000	20170315_000000_agent_statistics.csv
2017-03-15	Back Office1	37	23	0 days 00:02:01.000000000	0 days 01:00:55.000000000	1 days 00:00:00.000000000	20170315_000000_agent_statistics.csv
2017-03-16	Reception L1	50	37	0 days 00:02:00.000000000	0 days 01:17:40.000000000	1 days 00:00:00.000000000	20170316_000000_agent_statistics.csv
2017-03-16	Back Office3	39	36	0 days 00:02:34.000000000	0 days 01:22:02.000000000	1 days 00:00:00.000000000	20170316_000000_agent_statistics.csv
2017-03-16	Reception Desk	32	25	0 days 00:01:33.000000000	0 days 00:38:35.000000000	1 days 00:00:00.000000000	20170316_000000_agent_statistics.csv
2017-03-16	Back Office1	2	0	0 days 00:02:14.000000000	0 days 00:04:21.000000000	1 days 00:00:00.000000000	20170316_000000_agent_statistics.csv
2017-03-20	Reception L1	71	73	0 days 00:03:55.000000000	0 days 02:45:46.000000000	1 days 00:00:00.000000000	20170320_000000_agent_statistics.csv
2017-03-20	Back Office3	72	39	0 days 00:02:18.000000000	0 days 01:56:14.000000000	1 days 00:00:00.000000000	20170320_000000_agent_statistics.csv
2017-03-20	Reception Desk	73	37	0 days 00:03:02.000000000	0 days 02:10:24.000000000	1 days 00:00:00.000000000	20170320_000000_agent_statistics.csv
2017-03-20	Back Office1	56	17	0 days 00:02:26.000000000	0 days 01:43:08.000000000	1 days 00:00:00.000000000	20170320_000000_agent_statistics.csv
2017-03-21	Reception L1	56	50	0 days 00:02:29.000000000	0 days 01:44:36.000000000	1 days 00:00:00.000000000	20170321_000000_agent_statistics.csv
2017-03-21	Back Office3	61	56	0 days 00:01:51.000000000	0 days 01:27:26.000000000	1 days 00:00:00.000000000	20170321_000000_agent_statistics.csv
2017-03-21	Reception Desk	45	17	0 days 00:02:36.000000000	0 days 01:21:00.000000000	1 days 00:00:00.000000000	20170321_000000_agent_statistics.csv
2017-03-21	Back Office1	15	17	0 days 00:01:26.000000000	0 days 00:19:01.000000000	1 days 00:00:00.000000000	20170321_000000_agent_statistics.csv
2017-03-22	Reception L1	56	40	0 days 00:03:16.000000000	0 days 02:16:39.000000000	1 days 00:00:00.000000000	20170322_000000_agent_statistics.csv
2017-03-22	Back Office3	68	49	0 days 00:02:36.000000000	0 days 02:00:40.000000000	1 days 00:00:00.000000000	20170322_000000_agent_statistics.csv
2017-03-22	Reception Desk	47	36	0 days 00:02:37.000000000	0 days 01:18:50.000000000	1 days 00:00:00.000000000	20170322_000000_agent_statistics.csv
2017-03-22	Back Office1	0	0	0 days 00:00:00.000000000	0 days 00:00:00.000000000	1 days 00:00:00.000000000	20170322_000000_agent_statistics.csv
2017-03-23	Reception L1	77	51	0 days 00:02:42.000000000	0 days 02:31:30.000000000	1 days 00:00:00.000000000	20170323_000000_agent_statistics.csv
2017-03-23	Back Office3	45	41	0 days 00:03:03.000000000	0 days 01:44:17.000000000	1 days 00:00:00.000000000	20170323_000000_agent_statistics.csv
2017-03-23	Reception Desk	59	68	0 days 00:02:26.000000000	0 days 01:47:36.000000000	1 days 00:00:00.000000000	20170323_000000_agent_statistics.csv
2017-03-23	Back Office1	15	0	0 days 00:02:15.000000000	0 days 00:22:33.000000000	1 days 00:00:00.000000000	20170323_000000_agent_statistics.csv
2017-03-24	Reception L1	85	64	0 days 00:01:55.000000000	0 days 02:03:48.000000000	1 days 00:00:00.000000000	20170324_000000_agent_statistics.csv
2017-03-24	Back Office3	71	53	0 days 00:02:48.000000000	0 days 02:41:54.000000000	1 days 00:00:00.000000000	20170324_000000_agent_statistics.csv
2017-03-24	Reception Desk	49	53	0 days 00:02:48.000000000	0 days 01:33:38.000000000	1 days 00:00:00.000000000	20170324_000000_agent_statistics.csv
2017-03-24	Back Office1	7	2	0 days 00:04:20.000000000	0 days 00:24:45.000000000	1 days 00:00:00.000000000	20170324_000000_agent_statistics.csv
2017-03-27	Reception L1	68	41	0 days 00:03:46.000000000	0 days 02:35:35.000000000	1 days 00:00:00.000000000	20170327_000000_agent_statistics.csv
2017-03-27	Back Office3	56	80	0 days 00:02:14.000000000	0 days 01:46:18.000000000	1 days 00:00:00.000000000	20170327_000000_agent_statistics.csv
2017-03-27	Reception Desk	67	38	0 days 00:02:40.000000000	0 days 02:02:50.000000000	1 days 00:00:00.000000000	20170327_000000_agent_statistics.csv
2017-03-27	Back Office1	34	16	0 days 00:01:28.000000000	0 days 00:37:28.000000000	1 days 00:00:00.000000000	20170327_000000_agent_statistics.csv
2017-03-28	Reception L1	58	69	0 days 00:02:11.000000000	0 days 01:25:39.000000000	1 days 00:00:00.000000000	20170328_000000_agent_statistics.csv
2017-03-28	Back Office3	67	79	0 days 00:01:58.000000000	0 days 01:30:39.000000000	1 days 00:00:00.000000000	20170328_000000_agent_statistics.csv
2017-03-28	Reception Desk	54	19	0 days 00:03:06.000000000	0 days 01:57:58.000000000	1 days 00:00:00.000000000	20170328_000000_agent_statistics.csv
2017-03-28	Back Office1	2	2	0 days 00:06:12.000000000	0 days 00:10:54.000000000	1 days 00:00:00.000000000	20170328_000000_agent_statistics.csv
2017-03-29	Reception L1	67	67	0 days 00:03:10.000000000	0 days 02:31:10.000000000	1 days 00:00:00.000000000	20170329_000000_agent_statistics.csv
2017-03-29	Back Office3	50	32	0 days 00:02:45.000000000	0 days 01:42:50.000000000	1 days 00:00:00.000000000	20170329_000000_agent_statistics.csv
2017-03-29	Reception Desk	53	30	0 days 00:02:52.000000000	0 days 01:53:45.000000000	1 days 00:00:00.000000000	20170329_000000_agent_statistics.csv
2017-03-29	Back Office1	23	7	0 days 00:01:59.000000000	0 days 00:38:36.000000000	1 days 00:00:00.000000000	20170329_000000_agent_statistics.csv
2017-03-30	Reception L1	67	50	0 days 00:01:56.000000000	0 days 01:34:37.000000000	1 days 00:00:00.000000000	20170330_000000_agent_statistics.csv
2017-03-30	Back Office3	41	30	0 days 00:03:18.000000000	0 days 01:50:12.000000000	1 days 00:00:00.000000000	20170330_000000_agent_statistics.csv
2017-03-30	Reception Desk	43	28	0 days 00:01:55.000000000	0 days 00:59:26.000000000	1 days 00:00:00.000000000	20170330_000000_agent_statistics.csv
2017-03-30	Back Office1	5	1	0 days 00:01:25.000000000	0 days 00:05:41.000000000	1 days 00:00:00.000000000	20170330_000000_agent_statistics.csv
2017-03-31	Reception L1	67	32	0 days 00:02:11.000000000	0 days 01:39:15.000000000	0 days 23:59:59.000000000	20170331_000000_agent_statistics.csv
2017-03-31	Back Office3	47	46	0 days 00:02:51.000000000	0 days 01:46:09.000000000	1 days 00:00:00.000000000	20170331_000000_agent_statistics.csv
2017-03-31	Reception Desk	38	31	0 days 00:02:12.000000000	0 days 00:49:18.000000000	1 days 00:00:00.000000000	20170331_000000_agent_statistics.csv
2017-03-31	Back Office1	12	3	0 days 00:01:35.000000000	0 days 00:12:26.000000000	1 days 00:00:00.000000000	20170331_000000_agent_statistics.csv
2017-04-03	Reception L1	75	61	0 days 00:03:02.000000000	0 days 02:46:58.000000000	1 days 00:00:00.000000000	20170403_000000_agent_statistics.csv
2017-04-03	Back Office3	31	64	0 days 00:02:48.000000000	0 days 01:06:31.000000000	1 days 00:00:00.000000000	20170403_000000_agent_statistics.csv
2017-04-03	Reception Desk	61	25	0 days 00:02:56.000000000	0 days 01:59:26.000000000	1 days 00:00:00.000000000	20170403_000000_agent_statistics.csv
2017-04-03	Back Office1	52	7	0 days 00:02:11.000000000	0 days 01:27:48.000000000	1 days 00:00:00.000000000	20170403_000000_agent_statistics.csv
2017-04-05	Reception L1	19	27	0 days 00:02:44.000000000	0 days 00:32:23.000000000	1 days 00:00:00.000000000	20170405_000000_agent_statistics.csv
2017-04-05	Back Office3	31	35	0 days 00:01:48.000000000	0 days 00:49:57.000000000	1 days 00:00:00.000000000	20170405_000000_agent_statistics.csv
2017-04-05	Reception Desk	14	26	0 days 00:02:28.000000000	0 days 00:25:38.000000000	1 days 00:00:00.000000000	20170405_000000_agent_statistics.csv
2017-04-05	Back Office1	8	1	0 days 00:03:12.000000000	0 days 00:23:14.000000000	1 days 00:00:00.000000000	20170405_000000_agent_statistics.csv
2017-04-06	Reception L1	74	80	0 days 00:01:36.000000000	0 days 01:40:15.000000000	1 days 00:00:00.000000000	20170406_000000_agent_statistics.csv
2017-04-06	Back Office3	51	46	0 days 00:02:46.000000000	0 days 02:01:48.000000000	1 days 00:00:00.000000000	20170406_000000_agent_statistics.csv
2017-04-06	Reception Desk	57	28	0 days 00:02:52.000000000	0 days 01:55:48.000000000	1 days 00:00:00.000000000	20170406_000000_agent_statistics.csv
2017-04-06	Back Office1	0	0	0 days 00:00:00.000000000	0 days 00:00:00.000000000	1 days 00:00:00.000000000	20170406_000000_agent_statistics.csv
2017-04-07	Reception L1	79	68	0 days 00:02:16.000000000	0 days 02:24:08.000000000	1 days 00:00:00.000000000	20170407_000000_agent_statistics.csv
2017-04-07	Back Office3	36	18	0 days 00:04:04.000000000	0 days 02:08:44.000000000	1 days 00:00:00.000000000	20170407_000000_agent_statistics.csv
2017-04-07	Reception Desk	46	35	0 days 00:02:18.000000000	0 days 01:24:11.000000000	1 days 00:00:00.000000000	20170407_000000_agent_statistics.csv
2017-04-07	Back Office1	25	9	0 days 00:02:05.000000000	0 days 00:38:18.000000000	1 days 00:00:00.000000000	20170407_000000_agent_statistics.csv
2017-04-08	Reception L1	0	0	0 days 00:00:00.000000000	0 days 00:00:00.000000000	1 days 00:00:00.000000000	20170408_000000_agent_statistics.csv
2017-04-08	Back Office3	0	0	0 days 00:00:00.000000000	0 days 00:00:00.000000000	1 days 00:00:00.000000000	20170408_000000_agent_statistics.csv
2017-04-08	Reception Desk	0	0	0 days 00:00:00.000000000	0 days 00:00:00.000000000	1 days 00:00:00.000000000	20170408_000000_agent_statistics.csv
2017-04-08	Back Office1	0	0	0 days 00:00:00.000000000	0 days 00:00:00.000000000	1 days 00:00:00.000000000	20170408_000000_agent_statistics.csv
2017-04-11	Reception L1	67	29	0 days 00:02:41.000000000	0 days 02:05:31.000000000	1 days 00:00:00.000000000	20170411_000000_agent_statistics.csv
2017-04-11	Back Office3	46	59	0 days 00:01:46.000000000	0 days 01:05:10.000000000	1 days 00:00:00.000000000	20170411_000000_agent_statistics.csv
2017-04-11	Reception Desk	45	16	0 days 00:02:13.000000000	0 days 01:11:14.000000000	1 days 00:00:00.000000000	20170411_000000_agent_statistics.csv
2017-04-11	Back Office1	23	5	0 days 00:03:01.000000000	0 days 00:50:58.000000000	1 days 00:00:00.000000000	20170411_000000_agent_statistics.csv
2017-04-12	Reception L1	59	53	0 days 00:03:07.000000000	0 days 02:06:46.000000000	1 days 00:00:00.000000000	20170412_000000_agent_statistics.csv
2017-04-12	Back Office3	63	38	0 days 00:02:33.000000000	0 days 02:02:33.000000000	1 days 00:00:00.000000000	20170412_000000_agent_statistics.csv
2017-04-12	Reception Desk	41	18	0 days 00:02:36.000000000	0 days 01:20:56.000000000	1 days 00:00:00.000000000	20170412_000000_agent_statistics.csv
2017-04-12	Back Office1	14	8	0 days 00:01:36.000000000	0 days 00:17:58.000000000	1 days 00:00:00.000000000	20170412_000000_agent_statistics.csv
2017-04-13	Reception L1	83	56	0 days 00:01:56.000000000	0 days 02:01:51.000000000	1 days 00:00:00.000000000	20170413_000000_agent_statistics.csv
2017-04-13	Back Office3	40	22	0 days 00:02:22.000000000	0 days 01:10:48.000000000	1 days 00:00:00.000000000	20170413_000000_agent_statistics.csv
2017-04-13	Reception Desk	58	43	0 days 00:02:09.000000000	0 days 01:25:23.000000000	1 days 00:00:00.000000000	20170413_000000_agent_statistics.csv
2017-04-13	Back Office1	6	0	0 days 00:02:06.000000000	0 days 00:10:11.000000000	1 days 00:00:00.000000000	20170413_000000_agent_statistics.csv
2017-04-14	Reception L1	0	0	0 days 00:00:00.000000000	0 days 00:00:00.000000000	1 days 00:00:00.000000000	20170414_000000_agent_statistics.csv
2017-04-14	Back Office3	0	0	0 days 00:00:00.000000000	0 days 00:00:00.000000000	1 days 00:00:00.000000000	20170414_000000_agent_statistics.csv
2017-04-14	Reception Desk	0	0	0 days 00:00:00.000000000	0 days 00:00:00.000000000	1 days 00:00:00.000000000	20170414_000000_agent_statistics.csv
2017-04-14	Back Office1	0	0	0 days 00:00:00.000000000	0 days 00:00:00.000000000	1 days 00:00:00.000000000	20170414_000000_agent_statistics.csv
2017-04-16	Reception L1	0	0	0 days 00:00:00.000000000	0 days 00:00:00.000000000	1 days 00:00:00.000000000	20170416_000000_agent_statistics.csv
2017-04-16	Back Office3	0	0	0 days 00:00:00.000000000	0 days 00:00:00.000000000	1 days 00:00:00.000000000	20170416_000000_agent_statistics.csv
2017-04-16	Reception Desk	0	0	0 days 00:00:00.000000000	0 days 00:00:00.000000000	1 days 00:00:00.000000000	20170416_000000_agent_statistics.csv
2017-04-16	Back Office1	0	0	0 days 00:00:00.000000000	0 days 00:00:00.000000000	1 days 00:00:00.000000000	20170416_000000_agent_statistics.csv
2017-04-17	Reception L1	0	0	0 days 00:00:00.000000000	0 days 00:00:00.000000000	1 days 00:00:00.000000000	20170417_000000_agent_statistics.csv
2017-04-17	Back Office3	0	0	0 days 00:00:00.000000000	0 days 00:00:00.000000000	1 days 00:00:00.000000000	20170417_000000_agent_statistics.csv
2017-04-17	Reception Desk	0	0	0 days 00:00:00.000000000	0 days 00:00:00.000000000	1 days 00:00:00.000000000	20170417_000000_agent_statistics.csv
2017-04-17	Back Office1	0	0	0 days 00:00:00.000000000	0 days 00:00:00.000000000	1 days 00:00:00.000000000	20170417_000000_agent_statistics.csv
2017-04-18	Reception L1	76	51	0 days 00:02:58.000000000	0 days 02:28:09.000000000	1 days 00:00:00.000000000	20170418_000000_agent_statistics.csv
2017-04-18	Back Office3	94	64	0 days 00:02:23.000000000	0 days 02:45:54.000000000	1 days 00:00:00.000000000	20170418_000000_agent_statistics.csv
2017-04-18	Reception Desk	66	13	0 days 00:03:32.000000000	0 days 02:24:27.000000000	1 days 00:00:00.000000000	20170418_000000_agent_statistics.csv
2017-04-18	Back Office1	37	10	0 days 00:01:53.000000000	0 days 00:50:40.000000000	1 days 00:00:00.000000000	20170418_000000_agent_statistics.csv
2017-04-19	Reception L1	64	41	0 days 00:03:02.000000000	0 days 02:13:32.000000000	1 days 00:00:00.000000000	20170419_000000_agent_statistics.csv
2017-04-19	Back Office3	67	46	0 days 00:01:52.000000000	0 days 01:49:13.000000000	1 days 00:00:00.000000000	20170419_000000_agent_statistics.csv
2017-04-19	Reception Desk	44	26	0 days 00:03:02.000000000	0 days 01:31:31.000000000	1 days 00:00:00.000000000	20170419_000000_agent_statistics.csv
2017-04-19	Back Office1	11	7	0 days 00:02:43.000000000	0 days 00:26:57.000000000	1 days 00:00:00.000000000	20170419_000000_agent_statistics.csv
2017-04-20	Reception L1	84	50	0 days 00:02:53.000000000	0 days 02:50:15.000000000	1 days 00:00:00.000000000	20170420_000000_agent_statistics.csv
2017-04-20	Back Office3	53	69	0 days 00:02:04.000000000	0 days 01:21:40.000000000	1 days 00:00:00.000000000	20170420_000000_agent_statistics.csv
2017-04-20	Reception Desk	65	33	0 days 00:02:44.000000000	0 days 01:59:17.000000000	1 days 00:00:00.000000000	20170420_000000_agent_statistics.csv
2017-04-20	Back Office1	11	1	0 days 00:03:18.000000000	0 days 00:27:37.000000000	1 days 00:00:00.000000000	20170420_000000_agent_statistics.csv
2017-04-21	Reception L1	73	76	0 days 00:02:35.000000000	0 days 02:07:27.000000000	1 days 00:00:00.000000000	20170421_000000_agent_statistics.csv
2017-04-21	Back Office3	28	62	0 days 00:02:12.000000000	0 days 00:45:40.000000000	1 days 00:00:00.000000000	20170421_000000_agent_statistics.csv
2017-04-21	Reception Desk	52	41	0 days 00:03:37.000000000	0 days 01:54:27.000000000	1 days 00:00:00.000000000	20170421_000000_agent_statistics.csv
2017-04-21	Back Office1	0	0	0 days 00:00:00.000000000	0 days 00:00:00.000000000	1 days 00:00:00.000000000	20170421_000000_agent_statistics.csv
2017-04-22	Reception L1	0	0	0 days 00:00:00.000000000	0 days 00:00:00.000000000	1 days 00:00:00.000000000	20170422_000000_agent_statistics.csv
2017-04-22	Back Office3	0	0	0 days 00:00:00.000000000	0 days 00:00:00.000000000	1 days 00:00:00.000000000	20170422_000000_agent_statistics.csv
2017-04-22	Reception Desk	0	0	0 days 00:00:00.000000000	0 days 00:00:00.000000000	1 days 00:00:00.000000000	20170422_000000_agent_statistics.csv
2017-04-22	Back Office1	0	0	0 days 00:00:00.000000000	0 days 00:00:00.000000000	1 days 00:00:00.000000000	20170422_000000_agent_statistics.csv
2017-04-23	Reception L1	0	0	0 days 00:00:00.000000000	0 days 00:00:00.000000000	1 days 00:00:00.000000000	20170423_000000_agent_statistics.csv
2017-04-23	Back Office3	0	0	0 days 00:00:00.000000000	0 days 00:00:00.000000000	1 days 00:00:00.000000000	20170423_000000_agent_statistics.csv
2017-04-23	Reception Desk	0	0	0 days 00:00:00.000000000	0 days 00:00:00.000000000	1 days 00:00:00.000000000	20170423_000000_agent_statistics.csv
2017-04-23	Back Office1	0	0	0 days 00:00:00.000000000	0 days 00:00:00.000000000	1 days 00:00:00.000000000	20170423_000000_agent_statistics.csv
2017-04-24	Reception L1	100	72	0 days 00:02:30.000000000	0 days 02:53:44.000000000	1 days 00:00:00.000000000	20170424_000000_agent_statistics.csv
2017-04-24	Back Office3	68	100	0 days 00:02:07.000000000	0 days 01:56:00.000000000	1 days 00:00:00.000000000	20170424_000000_agent_statistics.csv
2017-04-24	Reception Desk	86	41	0 days 00:02:42.000000000	0 days 02:42:43.000000000	1 days 00:00:00.000000000	20170424_000000_agent_statistics.csv
2017-04-24	Back Office1	26	7	0 days 00:02:27.000000000	0 days 00:45:28.000000000	1 days 00:00:00.000000000	20170424_000000_agent_statistics.csv
2017-04-25	Reception L1	30	40	0 days 00:01:51.000000000	0 days 00:43:44.000000000	1 days 00:00:00.000000000	20170425_000000_agent_statistics.csv
2017-04-25	Back Office3	44	19	0 days 00:02:04.000000000	0 days 01:09:53.000000000	1 days 00:00:00.000000000	20170425_000000_agent_statistics.csv
2017-04-25	Reception Desk	18	3	0 days 00:03:20.000000000	0 days 00:36:35.000000000	1 days 00:00:00.000000000	20170425_000000_agent_statistics.csv
2017-04-25	Back Office1	20	6	0 days 00:01:27.000000000	0 days 00:24:22.000000000	1 days 00:00:00.000000000	20170425_000000_agent_statistics.csv
2017-04-26	Reception L1	75	76	0 days 00:02:36.000000000	0 days 02:17:30.000000000	1 days 00:00:00.000000000	20170426_000000_agent_statistics.csv
2017-04-26	Back Office3	60	49	0 days 00:01:46.000000000	0 days 01:25:42.000000000	1 days 00:00:00.000000000	20170426_000000_agent_statistics.csv
2017-04-26	Reception Desk	55	31	0 days 00:03:22.000000000	0 days 02:09:22.000000000	1 days 00:00:00.000000000	20170426_000000_agent_statistics.csv
2017-04-26	Back Office1	4	2	0 days 00:02:05.000000000	0 days 00:05:53.000000000	1 days 00:00:00.000000000	20170426_000000_agent_statistics.csv
2017-04-27	Reception L1	58	50	0 days 00:01:32.000000000	0 days 01:14:17.000000000	1 days 00:00:00.000000000	20170427_000000_agent_statistics.csv
2017-04-27	Back Office3	47	61	0 days 00:01:58.000000000	0 days 01:09:16.000000000	1 days 00:00:00.000000000	20170427_000000_agent_statistics.csv
2017-04-27	Reception Desk	43	44	0 days 00:01:54.000000000	0 days 01:04:01.000000000	1 days 00:00:00.000000000	20170427_000000_agent_statistics.csv
2017-04-27	Back Office1	17	3	0 days 00:01:47.000000000	0 days 00:24:51.000000000	1 days 00:00:00.000000000	20170427_000000_agent_statistics.csv
2017-05-01	Reception L1	0	0	0 days 00:00:00.000000000	0 days 00:00:00.000000000	1 days 00:00:00.000000000	20170501_000000_agent_statistics.csv
2017-05-01	Back Office3	0	0	0 days 00:00:00.000000000	0 days 00:00:00.000000000	1 days 00:00:00.000000000	20170501_000000_agent_statistics.csv
2017-05-01	Reception Desk	0	0	0 days 00:00:00.000000000	0 days 00:00:00.000000000	1 days 00:00:00.000000000	20170501_000000_agent_statistics.csv
2017-05-01	Back Office1	0	0	0 days 00:00:00.000000000	0 days 00:00:00.000000000	1 days 00:00:00.000000000	20170501_000000_agent_statistics.csv
2017-05-02	Reception L1	97	56	0 days 00:02:59.000000000	0 days 03:10:36.000000000	1 days 00:00:00.000000000	20170502_000000_agent_statistics.csv
2017-05-02	Back Office3	75	70	0 days 00:02:01.000000000	0 days 01:59:29.000000000	1 days 00:00:00.000000000	20170502_000000_agent_statistics.csv
2017-05-02	Reception Desk	100	111	0 days 00:02:00.000000000	0 days 02:17:09.000000000	1 days 00:00:00.000000000	20170502_000000_agent_statistics.csv
2017-05-02	Back Office1	27	5	0 days 00:02:27.000000000	0 days 00:50:45.000000000	1 days 00:00:00.000000000	20170502_000000_agent_statistics.csv
2017-05-03	Reception L1	54	25	0 days 00:04:55.000000000	0 days 02:54:07.000000000	1 days 00:00:00.000000000	20170503_000000_agent_statistics.csv
2017-05-03	Back Office3	65	49	0 days 00:02:22.000000000	0 days 02:00:59.000000000	1 days 00:00:00.000000000	20170503_000000_agent_statistics.csv
2017-05-03	Reception Desk	69	30	0 days 00:03:00.000000000	0 days 02:18:51.000000000	1 days 00:00:00.000000000	20170503_000000_agent_statistics.csv
2017-05-03	Back Office1	27	1	0 days 00:01:40.000000000	0 days 00:39:41.000000000	1 days 00:00:00.000000000	20170503_000000_agent_statistics.csv
2017-05-05	Reception L1	74	33	0 days 00:02:43.000000000	0 days 02:35:22.000000000	1 days 00:00:00.000000000	20170505_000000_agent_statistics.csv
2017-05-05	Back Office3	43	32	0 days 00:03:15.000000000	0 days 01:57:42.000000000	1 days 00:00:00.000000000	20170505_000000_agent_statistics.csv
2017-05-05	Reception Desk	64	33	0 days 00:01:55.000000000	0 days 01:29:17.000000000	1 days 00:00:00.000000000	20170505_000000_agent_statistics.csv
2017-05-05	Back Office1	5	3	0 days 00:01:41.000000000	0 days 00:07:49.000000000	1 days 00:00:00.000000000	20170505_000000_agent_statistics.csv
2017-05-09	Reception L1	59	62	0 days 00:02:53.000000000	0 days 01:48:19.000000000	1 days 00:00:00.000000000	20170509_000000_agent_statistics.csv
2017-05-09	Back Office3	68	45	0 days 00:01:58.000000000	0 days 01:37:20.000000000	1 days 00:00:00.000000000	20170509_000000_agent_statistics.csv
2017-05-09	Reception Desk	58	18	0 days 00:02:39.000000000	0 days 01:40:09.000000000	1 days 00:00:00.000000000	20170509_000000_agent_statistics.csv
2017-05-09	Back Office1	26	2	0 days 00:02:31.000000000	0 days 00:53:21.000000000	1 days 00:00:00.000000000	20170509_000000_agent_statistics.csv
2017-05-10	Reception L1	28	27	0 days 00:04:03.000000000	0 days 01:22:17.000000000	1 days 00:00:00.000000000	20170510_000000_agent_statistics.csv
2017-05-10	Back Office3	53	43	0 days 00:01:25.000000000	0 days 01:06:11.000000000	1 days 00:00:00.000000000	20170510_000000_agent_statistics.csv
2017-05-10	Reception Desk	26	11	0 days 00:03:00.000000000	0 days 01:00:50.000000000	1 days 00:00:00.000000000	20170510_000000_agent_statistics.csv
2017-05-10	Back Office1	8	7	0 days 00:01:49.000000000	0 days 00:10:43.000000000	1 days 00:00:00.000000000	20170510_000000_agent_statistics.csv
2017-05-11	Reception L1	92	44	0 days 00:01:47.000000000	0 days 02:16:40.000000000	1 days 00:00:00.000000000	20170511_000000_agent_statistics.csv
2017-05-11	Back Office3	58	37	0 days 00:01:50.000000000	0 days 01:28:27.000000000	1 days 00:00:00.000000000	20170511_000000_agent_statistics.csv
2017-05-11	Reception Desk	59	47	0 days 00:01:56.000000000	0 days 01:38:15.000000000	1 days 00:00:00.000000000	20170511_000000_agent_statistics.csv
2017-05-11	Back Office1	16	1	0 days 00:02:18.000000000	0 days 00:34:49.000000000	1 days 00:00:00.000000000	20170511_000000_agent_statistics.csv
2017-05-12	Reception L1	82	44	0 days 00:02:07.000000000	0 days 02:18:08.000000000	1 days 00:00:00.000000000	20170512_000000_agent_statistics.csv
2017-05-12	Back Office3	54	40	0 days 00:03:30.000000000	0 days 02:28:55.000000000	1 days 00:00:00.000000000	20170512_000000_agent_statistics.csv
2017-05-12	Reception Desk	44	30	0 days 00:02:13.000000000	0 days 01:02:14.000000000	1 days 00:00:00.000000000	20170512_000000_agent_statistics.csv
2017-05-12	Back Office1	10	4	0 days 00:02:25.000000000	0 days 00:15:02.000000000	1 days 00:00:00.000000000	20170512_000000_agent_statistics.csv
2017-05-15	Reception L1	90	101	0 days 00:02:35.000000000	0 days 02:37:01.000000000	1 days 00:00:00.000000000	20170515_000000_agent_statistics.csv
2017-05-15	Back Office3	54	63	0 days 00:03:41.000000000	0 days 02:47:01.000000000	1 days 00:00:00.000000000	20170515_000000_agent_statistics.csv
2017-05-15	Reception Desk	71	25	0 days 00:03:09.000000000	0 days 02:36:01.000000000	1 days 00:00:00.000000000	20170515_000000_agent_statistics.csv
2017-05-15	Back Office1	26	11	0 days 00:02:07.000000000	0 days 00:41:26.000000000	1 days 00:00:00.000000000	20170515_000000_agent_statistics.csv
2017-05-16	Reception L1	56	47	0 days 00:03:21.000000000	0 days 01:52:09.000000000	1 days 00:00:00.000000000	20170516_000000_agent_statistics.csv
2017-05-16	Back Office3	82	61	0 days 00:01:55.000000000	0 days 02:00:27.000000000	1 days 00:00:00.000000000	20170516_000000_agent_statistics.csv
2017-05-16	Reception Desk	71	13	0 days 00:02:36.000000000	0 days 02:09:25.000000000	1 days 00:00:00.000000000	20170516_000000_agent_statistics.csv
2017-05-16	Back Office1	2	0	0 days 00:02:27.000000000	0 days 00:02:35.000000000	1 days 00:00:00.000000000	20170516_000000_agent_statistics.csv
2017-05-18	Reception L1	68	59	0 days 00:01:55.000000000	0 days 01:27:52.000000000	1 days 00:00:00.000000000	20170518_000000_agent_statistics.csv
2017-05-18	Back Office3	44	39	0 days 00:01:42.000000000	0 days 01:01:38.000000000	1 days 00:00:00.000000000	20170518_000000_agent_statistics.csv
2017-05-18	Reception Desk	55	42	0 days 00:02:22.000000000	0 days 01:46:16.000000000	1 days 00:00:00.000000000	20170518_000000_agent_statistics.csv
2017-05-18	Back Office1	14	1	0 days 00:03:44.000000000	0 days 00:47:44.000000000	1 days 00:00:00.000000000	20170518_000000_agent_statistics.csv
2017-05-19	Reception L1	81	49	0 days 00:02:48.000000000	0 days 02:58:35.000000000	1 days 00:00:00.000000000	20170519_000000_agent_statistics.csv
2017-05-19	Back Office3	46	28	0 days 00:02:55.000000000	0 days 01:53:50.000000000	1 days 00:00:00.000000000	20170519_000000_agent_statistics.csv
2017-05-19	Reception Desk	55	46	0 days 00:02:11.000000000	0 days 01:20:29.000000000	1 days 00:00:00.000000000	20170519_000000_agent_statistics.csv
2017-05-19	Back Office1	23	17	0 days 00:02:37.000000000	0 days 00:47:18.000000000	1 days 00:00:00.000000000	20170519_000000_agent_statistics.csv
2017-05-22	Reception L1	83	57	0 days 00:02:51.000000000	0 days 02:30:32.000000000	1 days 00:00:00.000000000	20170522_000000_agent_statistics.csv
2017-05-22	Back Office3	70	60	0 days 00:02:10.000000000	0 days 01:51:20.000000000	1 days 00:00:00.000000000	20170522_000000_agent_statistics.csv
2017-05-22	Reception Desk	69	36	0 days 00:02:34.000000000	0 days 01:51:49.000000000	1 days 00:00:00.000000000	20170522_000000_agent_statistics.csv
2017-05-22	Back Office1	9	4	0 days 00:01:25.000000000	0 days 00:10:52.000000000	1 days 00:00:00.000000000	20170522_000000_agent_statistics.csv
2017-05-23	Reception L1	71	30	0 days 00:02:11.000000000	0 days 01:34:33.000000000	1 days 00:00:00.000000000	20170523_000000_agent_statistics.csv
2017-05-23	Back Office3	53	39	0 days 00:02:18.000000000	0 days 01:22:24.000000000	1 days 00:00:00.000000000	20170523_000000_agent_statistics.csv
2017-05-23	Reception Desk	48	46	0 days 00:02:25.000000000	0 days 01:17:34.000000000	1 days 00:00:00.000000000	20170523_000000_agent_statistics.csv
2017-05-23	Back Office1	10	1	0 days 00:01:56.000000000	0 days 00:12:29.000000000	1 days 00:00:00.000000000	20170523_000000_agent_statistics.csv
2017-05-24	Reception L1	61	63	0 days 00:02:01.000000000	0 days 01:33:51.000000000	1 days 00:00:00.000000000	20170524_000000_agent_statistics.csv
2017-05-24	Back Office3	60	57	0 days 00:02:12.000000000	0 days 01:40:55.000000000	1 days 00:00:00.000000000	20170524_000000_agent_statistics.csv
2017-05-24	Reception Desk	44	25	0 days 00:02:05.000000000	0 days 01:06:41.000000000	1 days 00:00:00.000000000	20170524_000000_agent_statistics.csv
2017-05-24	Back Office1	2	1	0 days 00:02:14.000000000	0 days 00:04:11.000000000	1 days 00:00:00.000000000	20170524_000000_agent_statistics.csv
2017-05-25	Reception L1	70	29	0 days 00:02:17.000000000	0 days 02:04:46.000000000	1 days 00:00:00.000000000	20170525_000000_agent_statistics.csv
2017-05-25	Back Office3	48	42	0 days 00:01:51.000000000	0 days 01:11:22.000000000	1 days 00:00:00.000000000	20170525_000000_agent_statistics.csv
2017-05-25	Reception Desk	40	21	0 days 00:01:35.000000000	0 days 00:44:02.000000000	1 days 00:00:00.000000000	20170525_000000_agent_statistics.csv
2017-05-25	Back Office1	0	1	0 days 00:00:00.000000000	0 days 00:00:00.000000000	1 days 00:00:00.000000000	20170525_000000_agent_statistics.csv
2017-05-26	Reception L1	88	44	0 days 00:02:07.000000000	0 days 02:05:55.000000000	1 days 00:00:00.000000000	20170526_000000_agent_statistics.csv
2017-05-26	Back Office3	24	31	0 days 00:02:00.000000000	0 days 00:37:32.000000000	1 days 00:00:00.000000000	20170526_000000_agent_statistics.csv
2017-05-26	Reception Desk	63	29	0 days 00:01:41.000000000	0 days 01:19:20.000000000	1 days 00:00:00.000000000	20170526_000000_agent_statistics.csv
2017-05-26	Back Office1	0	0	0 days 00:00:00.000000000	0 days 00:00:00.000000000	1 days 00:00:00.000000000	20170526_000000_agent_statistics.csv
2017-05-30	Reception L1	83	51	0 days 00:02:39.000000000	0 days 02:49:04.000000000	1 days 00:00:00.000000000	20170530_000000_agent_statistics.csv
2017-05-30	Back Office3	64	59	0 days 00:02:17.000000000	0 days 01:36:40.000000000	1 days 00:00:00.000000000	20170530_000000_agent_statistics.csv
2017-05-30	Reception Desk	51	39	0 days 00:02:00.000000000	0 days 01:03:37.000000000	1 days 00:00:00.000000000	20170530_000000_agent_statistics.csv
2017-05-30	Back Office1	33	7	0 days 00:01:34.000000000	0 days 00:45:59.000000000	1 days 00:00:00.000000000	20170530_000000_agent_statistics.csv
2017-05-31	Reception L1	58	49	0 days 00:02:30.000000000	0 days 01:39:30.000000000	1 days 00:00:00.000000000	20170531_000000_agent_statistics.csv
2017-05-31	Back Office3	53	66	0 days 00:01:49.000000000	0 days 01:21:52.000000000	1 days 00:00:00.000000000	20170531_000000_agent_statistics.csv
2017-05-31	Reception Desk	36	46	0 days 00:03:06.000000000	0 days 01:06:41.000000000	1 days 00:00:00.000000000	20170531_000000_agent_statistics.csv
2017-05-31	Back Office1	20	6	0 days 00:02:01.000000000	0 days 00:35:09.000000000	1 days 00:00:00.000000000	20170531_000000_agent_statistics.csv
2017-06-01	Reception L1	90	61	0 days 00:01:37.000000000	0 days 01:56:23.000000000	1 days 00:00:00.000000000	20170601_000000_agent_statistics.csv
2017-06-01	Back Office3	28	53	0 days 00:01:29.000000000	0 days 00:36:23.000000000	1 days 00:00:00.000000000	20170601_000000_agent_statistics.csv
2017-06-01	Reception Desk	46	39	0 days 00:02:23.000000000	0 days 01:21:54.000000000	1 days 00:00:00.000000000	20170601_000000_agent_statistics.csv
2017-06-01	Back Office1	0	1	0 days 00:00:00.000000000	0 days 00:00:00.000000000	1 days 00:00:00.000000000	20170601_000000_agent_statistics.csv
2017-06-05	Reception L1	83	110	0 days 00:02:45.000000000	0 days 02:21:48.000000000	1 days 00:00:00.000000000	20170605_000000_agent_statistics.csv
2017-06-05	Back Office3	59	51	0 days 00:02:54.000000000	0 days 02:13:38.000000000	1 days 00:00:00.000000000	20170605_000000_agent_statistics.csv
2017-06-05	Reception Desk	64	21	0 days 00:03:18.000000000	0 days 02:30:42.000000000	1 days 00:00:00.000000000	20170605_000000_agent_statistics.csv
2017-06-05	Back Office1	25	6	0 days 00:01:53.000000000	0 days 00:35:46.000000000	1 days 00:00:00.000000000	20170605_000000_agent_statistics.csv
2017-06-06	Reception L1	27	11	0 days 00:04:15.000000000	0 days 01:22:53.000000000	1 days 00:00:00.000000000	20170606_000000_agent_statistics.csv
2017-06-06	Back Office3	56	29	0 days 00:01:25.000000000	0 days 01:08:52.000000000	1 days 00:00:00.000000000	20170606_000000_agent_statistics.csv
2017-06-06	Reception Desk	20	6	0 days 00:03:17.000000000	0 days 00:44:20.000000000	1 days 00:00:00.000000000	20170606_000000_agent_statistics.csv
2017-06-06	Back Office1	7	1	0 days 00:01:20.000000000	0 days 00:08:19.000000000	1 days 00:00:00.000000000	20170606_000000_agent_statistics.csv
2017-06-08	Reception L1	75	50	0 days 00:02:11.000000000	0 days 02:09:08.000000000	1 days 00:00:00.000000000	20170608_000000_agent_statistics.csv
2017-06-08	Back Office3	74	75	0 days 00:01:44.000000000	0 days 01:51:37.000000000	1 days 00:00:00.000000000	20170608_000000_agent_statistics.csv
2017-06-08	Reception Desk	47	46	0 days 00:01:51.000000000	0 days 01:02:35.000000000	1 days 00:00:00.000000000	20170608_000000_agent_statistics.csv
2017-06-08	Back Office1	10	14	0 days 00:01:17.000000000	0 days 00:11:27.000000000	1 days 00:00:00.000000000	20170608_000000_agent_statistics.csv
